asin,product name,date
B06Y575GXS,Society-Minute-Tea-Masala-500g,06 October 2020
B06Y575GXS,Society-Minute-Tea-Masala-500g,06 October 2020
B0832PGNNH,Amul-Cheese-Slices-200g-Pack,05 October 2020
B0832PGNNH,Amul-Cheese-Slices-200g-Pack,05 October 2020
B07MXHP8K4,Cinthol-Lime-Soap-100g-Pack,05 October 2020
B07MXHP8K4,Cinthol-Lime-Soap-100g-Pack,05 October 2020
B082VWY78W,Streax-Shampoo-Enriched-Extracts-Long-Lasting,05 October 2020
B082VWY78W,Streax-Shampoo-Enriched-Extracts-Long-Lasting,05 October 2020
B07QB5ZDTD,Godrej-Direct-Cool-Refrigerator-1905-PTDI,04 October 2020
B07QB5ZDTD,Godrej-Direct-Cool-Refrigerator-1905-PTDI,04 October 2020
B07DCXBQPV,Paper-Boat-Mixed-Fruit,04 October 2020
B07DCXBQPV,Paper-Boat-Mixed-Fruit,04 October 2020
B075P2RKDG,Dettol-Detergent-Liquid-Laundry-Sanitizer-Spring-Blossom,04 October 2020
B075P2RKDG,Dettol-Detergent-Liquid-Laundry-Sanitizer-Spring-Blossom,04 October 2020
B072VLGBDS,Streax-Vitalized-Hair-Serum-300,04 October 2020
B072VLGBDS,Streax-Vitalized-Hair-Serum-300,04 October 2020
B0119NDPS0,Tata-Tea-Premium-1-5kg,04 October 2020
B0119NDPS0,Tata-Tea-Premium-1-5kg,04 October 2020
B07MJ62P6D,Patanjali-UHT-Milk-1000-ml,03 October 2020
B07MJ62P6D,Patanjali-UHT-Milk-1000-ml,03 October 2020
B07MXHP8K4,Cinthol-Lime-Soap-100g-Pack,03 October 2020
B07MXHP8K4,Cinthol-Lime-Soap-100g-Pack,03 October 2020
B07MZCKBNZ,Cinthol-Confidence-Soap-100g-Pack,03 October 2020
B07MZCKBNZ,Cinthol-Confidence-Soap-100g-Pack,03 October 2020
B07MVHJ6CH,Mysore-Sandal-Soaps-Pack-Bars,03 October 2020
B07MVHJ6CH,Mysore-Sandal-Soaps-Pack-Bars,03 October 2020
B086T4WGRY,Savlon-After-Shave-Lotion-1000,02 October 2020
B086T4WGRY,Savlon-After-Shave-Lotion-1000,02 October 2020
B07H3V7LNR,Amul-Pro-500g-Pouch-Pack,01 October 2020
B07H3V7LNR,Amul-Pro-500g-Pouch-Pack,01 October 2020
B071VPLC99,Patanjali-Shatavar-Mushli-Ashwagandha-Churna,01 October 2020
B071VPLC99,Patanjali-Shatavar-Mushli-Ashwagandha-Churna,01 October 2020
B072VLGBDS,Streax-Vitalized-Hair-Serum-300,01 October 2020
B072VLGBDS,Streax-Vitalized-Hair-Serum-300,01 October 2020
B018E0GEAM,Amul-Fresh-Cream-250ml,30 September 2020
B018E0GEAM,Amul-Fresh-Cream-250ml,30 September 2020
B07H3V7LNR,Amul-Pro-500g-Pouch-Pack,30 September 2020
B07H3V7LNR,Amul-Pro-500g-Pouch-Pack,30 September 2020
B075P2RKDG,Dettol-Detergent-Liquid-Laundry-Sanitizer-Spring-Blossom,29 September 2020
B075P2RKDG,Dettol-Detergent-Liquid-Laundry-Sanitizer-Spring-Blossom,29 September 2020
B01CLFHBAS,Titan-Analog-Black-Dial-Watch-1805NM01,28 September 2020
B01CLFHBAS,Titan-Analog-Black-Dial-Watch-1805NM01,28 September 2020
B082VWY78W,Streax-Shampoo-Enriched-Extracts-Long-Lasting,27 September 2020
B082VWY78W,Streax-Shampoo-Enriched-Extracts-Long-Lasting,27 September 2020
B015XSO0L8,Mysore-Sandal-Millennium-Soap-150g,27 September 2020
B015XSO0L8,Mysore-Sandal-Millennium-Soap-150g,27 September 2020
B00RV35ABS,Streax-Professional-Hold-Funkey-Colour,26 September 2020
B00RV35ABS,Streax-Professional-Hold-Funkey-Colour,26 September 2020
B0119NE5IE,Tata-Premium-Leaf-South-500g,26 September 2020
B0119NE5IE,Tata-Premium-Leaf-South-500g,26 September 2020
B01IBTCZNG,Amul-Cow-Ghee-500ml,24 September 2020
B01IBTCZNG,Amul-Cow-Ghee-500ml,24 September 2020
B07H3V7LNR,Amul-Pro-500g-Pouch-Pack,24 September 2020
B07H3V7LNR,Amul-Pro-500g-Pouch-Pack,24 September 2020
B08HKJWHWS,Patanjali-Ayurved-Ltd-CORO-NIL-Tablet,24 September 2020
B08HKJWHWS,Patanjali-Ayurved-Ltd-CORO-NIL-Tablet,24 September 2020
B07V6DPTJ1,Cinthol-Original-Soap-100-Pack,24 September 2020
B07V6DPTJ1,Cinthol-Original-Soap-100-Pack,24 September 2020
B07NLLPYJ3,Britannia-Vita-Marie-Gold-150g,24 September 2020
B07NLLPYJ3,Britannia-Vita-Marie-Gold-150g,24 September 2020
B07J2MQNW3,Mysore-Sandal-Bathing-Soap-125g,24 September 2020
B07J2MQNW3,Mysore-Sandal-Bathing-Soap-125g,24 September 2020
B00RV35ABS,Streax-Professional-Hold-Funkey-Colour,23 September 2020
B00RV35ABS,Streax-Professional-Hold-Funkey-Colour,23 September 2020
B07NLR9YPZ,Natural-Festive-Delight-Assorted-Jelimals,22 September 2020
B07NLR9YPZ,Natural-Festive-Delight-Assorted-Jelimals,22 September 2020
B018E0GEAM,Amul-Fresh-Cream-250ml,22 September 2020
B018E0GEAM,Amul-Fresh-Cream-250ml,22 September 2020
B08CHMZD9K,Tata-Tea-Gold-Leaf-Pouch,22 September 2020
B08CHMZD9K,Tata-Tea-Gold-Leaf-Pouch,22 September 2020
B082VWY78W,Streax-Shampoo-Enriched-Extracts-Long-Lasting,21 September 2020
B082VWY78W,Streax-Shampoo-Enriched-Extracts-Long-Lasting,21 September 2020
B01GCESDT2,Society-Tea-Regular-250g-Pouch,21 September 2020
B01GCESDT2,Society-Tea-Regular-250g-Pouch,21 September 2020
B083X1P1M7,Society-Daily-Elachi-Premix-Pouch,21 September 2020
B083X1P1M7,Society-Daily-Elachi-Premix-Pouch,21 September 2020
B00AI87X0O,Tata-Tea-Premium-North-1kg,21 September 2020
B00AI87X0O,Tata-Tea-Premium-North-1kg,21 September 2020
B01CHVPR16,Tata-Tea-Premium-North-1kg,21 September 2020
B01CHVPR16,Tata-Tea-Premium-North-1kg,21 September 2020
B071VPLC99,Patanjali-Shatavar-Mushli-Ashwagandha-Churna,20 September 2020
B071VPLC99,Patanjali-Shatavar-Mushli-Ashwagandha-Churna,20 September 2020
B079H8WT7F,Britannia-NutriChoice-Digestive-100g,20 September 2020
B079H8WT7F,Britannia-NutriChoice-Digestive-100g,20 September 2020
B08299R26L,Reflex-Activity-Tracker-Monitor-SWD90066PP01,20 September 2020
B08299R26L,Reflex-Activity-Tracker-Monitor-SWD90066PP01,20 September 2020
B08211QQZT,Streax-Shampoo-Colour-Natural-Black-25-ml-Pack,19 September 2020
B08211QQZT,Streax-Shampoo-Colour-Natural-Black-25-ml-Pack,19 September 2020
B07MXJ1G7G,Cinthol-Cool-Soap-100-Pack,18 September 2020
B07MXJ1G7G,Cinthol-Cool-Soap-100-Pack,18 September 2020
B082VWY78W,Streax-Shampoo-Enriched-Extracts-Long-Lasting,18 September 2020
B082VWY78W,Streax-Shampoo-Enriched-Extracts-Long-Lasting,18 September 2020
B08DLL7C2D,Godrej-ViroShield-Disinfecting-VIROSHIELD-30UV,17 September 2020
B08DLL7C2D,Godrej-ViroShield-Disinfecting-VIROSHIELD-30UV,17 September 2020
B083X1NMTM,Society-Tea-Daily-Masala-Premix,17 September 2020
B083X1NMTM,Society-Tea-Daily-Masala-Premix,17 September 2020
B07MXHP8K4,Cinthol-Lime-Soap-100g-Pack,16 September 2020
B07MXHP8K4,Cinthol-Lime-Soap-100g-Pack,16 September 2020
B00S9BSA0E,NutriChoice-Digestives-grain-Pack-200g,16 September 2020
B00S9BSA0E,NutriChoice-Digestives-grain-Pack-200g,16 September 2020
B072VLGBDS,Streax-Vitalized-Hair-Serum-300,16 September 2020
B072VLGBDS,Streax-Vitalized-Hair-Serum-300,16 September 2020
B07BRTLC6R,Fastrack-Analog-Silver-Dial-Watch-NK9332PP06,16 September 2020
B07BRTLC6R,Fastrack-Analog-Silver-Dial-Watch-NK9332PP06,16 September 2020
B08DLL7C2D,Godrej-ViroShield-Disinfecting-VIROSHIELD-30UV,14 September 2020
B08DLL7C2D,Godrej-ViroShield-Disinfecting-VIROSHIELD-30UV,14 September 2020
B07NLR9YPZ,Natural-Festive-Delight-Assorted-Jelimals,14 September 2020
B07NLR9YPZ,Natural-Festive-Delight-Assorted-Jelimals,14 September 2020
B07H3V7LNR,Amul-Pro-500g-Pouch-Pack,14 September 2020
B07H3V7LNR,Amul-Pro-500g-Pouch-Pack,14 September 2020
B08299R26L,Reflex-Activity-Tracker-Monitor-SWD90066PP01,14 September 2020
B08299R26L,Reflex-Activity-Tracker-Monitor-SWD90066PP01,14 September 2020
B086T4WGRY,Savlon-After-Shave-Lotion-1000,13 September 2020
B086T4WGRY,Savlon-After-Shave-Lotion-1000,13 September 2020
B01NCZ0GAF,Society-Tea-Minute-Ginger-Lemongrass,13 September 2020
B01NCZ0GAF,Society-Tea-Minute-Ginger-Lemongrass,13 September 2020
B07QB5ZDTD,Godrej-Direct-Cool-Refrigerator-1905-PTDI,12 September 2020
B07QB5ZDTD,Godrej-Direct-Cool-Refrigerator-1905-PTDI,12 September 2020
B071VPLC99,Patanjali-Shatavar-Mushli-Ashwagandha-Churna,12 September 2020
B071VPLC99,Patanjali-Shatavar-Mushli-Ashwagandha-Churna,12 September 2020
B071VPLC99,Patanjali-Shatavar-Mushli-Ashwagandha-Churna,12 September 2020
B071VPLC99,Patanjali-Shatavar-Mushli-Ashwagandha-Churna,12 September 2020
B083X1NMTM,Society-Tea-Daily-Masala-Premix,12 September 2020
B083X1NMTM,Society-Tea-Daily-Masala-Premix,12 September 2020
B018E0GEAM,Amul-Fresh-Cream-250ml,11 September 2020
B018E0GEAM,Amul-Fresh-Cream-250ml,11 September 2020
B01GCESDT2,Society-Tea-Regular-250g-Pouch,11 September 2020
B01GCESDT2,Society-Tea-Regular-250g-Pouch,11 September 2020
B08CHMZD9K,Tata-Tea-Gold-Leaf-Pouch,11 September 2020
B08CHMZD9K,Tata-Tea-Gold-Leaf-Pouch,11 September 2020
B079H8WT7F,Britannia-NutriChoice-Digestive-100g,10 September 2020
B079H8WT7F,Britannia-NutriChoice-Digestive-100g,10 September 2020
B00S9BQP3S,Britannia-Marie-Gold-200g,09 September 2020
B00S9BQP3S,Britannia-Marie-Gold-200g,09 September 2020
B00RV35ABS,Streax-Professional-Hold-Funkey-Colour,09 September 2020
B00RV35ABS,Streax-Professional-Hold-Funkey-Colour,09 September 2020
B07QB5ZDTD,Godrej-Direct-Cool-Refrigerator-1905-PTDI,08 September 2020
B07QB5ZDTD,Godrej-Direct-Cool-Refrigerator-1905-PTDI,08 September 2020
B00ULPQTXQ,Titan-Analog-Gold-Dial-Watch-NK1650YM04,08 September 2020
B00ULPQTXQ,Titan-Analog-Gold-Dial-Watch-NK1650YM04,08 September 2020
B07NLR9YPZ,Natural-Festive-Delight-Assorted-Jelimals,08 September 2020
B07NLR9YPZ,Natural-Festive-Delight-Assorted-Jelimals,08 September 2020
B07MJ62P6D,Patanjali-UHT-Milk-1000-ml,07 September 2020
B07MJ62P6D,Patanjali-UHT-Milk-1000-ml,07 September 2020
B07MXHP8K4,Cinthol-Lime-Soap-100g-Pack,07 September 2020
B07MXHP8K4,Cinthol-Lime-Soap-100g-Pack,07 September 2020
B083X1P1M7,Society-Daily-Elachi-Premix-Pouch,07 September 2020
B083X1P1M7,Society-Daily-Elachi-Premix-Pouch,07 September 2020
B01NCZ0GAF,Society-Tea-Minute-Ginger-Lemongrass,07 September 2020
B01NCZ0GAF,Society-Tea-Minute-Ginger-Lemongrass,07 September 2020
B08DLL7C2D,Godrej-ViroShield-Disinfecting-VIROSHIELD-30UV,06 September 2020
B08DLL7C2D,Godrej-ViroShield-Disinfecting-VIROSHIELD-30UV,06 September 2020
B08DLL7C2D,Godrej-ViroShield-Disinfecting-VIROSHIELD-30UV,06 September 2020
B08DLL7C2D,Godrej-ViroShield-Disinfecting-VIROSHIELD-30UV,06 September 2020
B082KY37BL,Amul-Fresh-Paneer-200g,06 September 2020
B082KY37BL,Amul-Fresh-Paneer-200g,06 September 2020
B07MJ62P6D,Patanjali-UHT-Milk-1000-ml,06 September 2020
B07MJ62P6D,Patanjali-UHT-Milk-1000-ml,06 September 2020
B00RV366NE,Streax-Professional-Hold-Funkey-Colour,06 September 2020
B00RV366NE,Streax-Professional-Hold-Funkey-Colour,06 September 2020
B078KHP29L,Dettol-Disinfectant-Liquid-Menthol-Cool,05 September 2020
B078KHP29L,Dettol-Disinfectant-Liquid-Menthol-Cool,05 September 2020
B01CLFHBAS,Titan-Analog-Black-Dial-Watch-1805NM01,04 September 2020
B01CLFHBAS,Titan-Analog-Black-Dial-Watch-1805NM01,04 September 2020
B07Y3L2QD3,Natural-Mango-Juice-1L-Pack,04 September 2020
B07Y3L2QD3,Natural-Mango-Juice-1L-Pack,04 September 2020
B01MQNBOLA,Cinthol-Cool-Soap-100g-Free,04 September 2020
B01MQNBOLA,Cinthol-Cool-Soap-100g-Free,04 September 2020
B079H8Y973,Tata-Agni-Leaf-Tea-1kg,04 September 2020
B079H8Y973,Tata-Agni-Leaf-Tea-1kg,04 September 2020
B085PYYDD6,Coca-Cola-300ml-Pack-6,03 September 2020
B085PYYDD6,Coca-Cola-300ml-Pack-6,03 September 2020
B08GWV3SM6,Amul-Butter-Pasteurised-100g-Pack,03 September 2020
B08GWV3SM6,Amul-Butter-Pasteurised-100g-Pack,03 September 2020
B07J2MQNW3,Mysore-Sandal-Bathing-Soap-125g,03 September 2020
B07J2MQNW3,Mysore-Sandal-Bathing-Soap-125g,03 September 2020
B01H70XQQ0,Patanjali-Cows-Ghee-500ml,02 September 2020
B01H70XQQ0,Patanjali-Cows-Ghee-500ml,02 September 2020
B082VWY78W,Streax-Shampoo-Enriched-Extracts-Long-Lasting,02 September 2020
B082VWY78W,Streax-Shampoo-Enriched-Extracts-Long-Lasting,02 September 2020
B083X1P1M7,Society-Daily-Elachi-Premix-Pouch,02 September 2020
B083X1P1M7,Society-Daily-Elachi-Premix-Pouch,02 September 2020
B08DLL7C2D,Godrej-ViroShield-Disinfecting-VIROSHIELD-30UV,01 September 2020
B08DLL7C2D,Godrej-ViroShield-Disinfecting-VIROSHIELD-30UV,01 September 2020
B01CGESSG0,Cinthol-Lime-Soap-100-Pack,01 September 2020
B01CGESSG0,Cinthol-Lime-Soap-100-Pack,01 September 2020
B07MXHP8K4,Cinthol-Lime-Soap-100g-Pack,01 September 2020
B07MXHP8K4,Cinthol-Lime-Soap-100g-Pack,01 September 2020
B00S9BQP3S,Britannia-Marie-Gold-200g,01 September 2020
B00S9BQP3S,Britannia-Marie-Gold-200g,01 September 2020
B00RV35ABS,Streax-Professional-Hold-Funkey-Colour,01 September 2020
B00RV35ABS,Streax-Professional-Hold-Funkey-Colour,01 September 2020
B07J2MQNW3,Mysore-Sandal-Bathing-Soap-125g,01 September 2020
B07J2MQNW3,Mysore-Sandal-Bathing-Soap-125g,01 September 2020
B07QB5ZDTD,Godrej-Direct-Cool-Refrigerator-1905-PTDI,31 August 2020
B07QB5ZDTD,Godrej-Direct-Cool-Refrigerator-1905-PTDI,31 August 2020
B07THHHWH9,Godrej-Protekt-Master-Blaster-Handwash,30 August 2020
B07THHHWH9,Godrej-Protekt-Master-Blaster-Handwash,30 August 2020
B082VWY78W,Streax-Shampoo-Enriched-Extracts-Long-Lasting,30 August 2020
B082VWY78W,Streax-Shampoo-Enriched-Extracts-Long-Lasting,30 August 2020
B082VWY78W,Streax-Shampoo-Enriched-Extracts-Long-Lasting,30 August 2020
B082VWY78W,Streax-Shampoo-Enriched-Extracts-Long-Lasting,30 August 2020
B07QB5ZDTD,Godrej-Direct-Cool-Refrigerator-1905-PTDI,29 August 2020
B07QB5ZDTD,Godrej-Direct-Cool-Refrigerator-1905-PTDI,29 August 2020
B07NLR9YPZ,Natural-Festive-Delight-Assorted-Jelimals,28 August 2020
B07NLR9YPZ,Natural-Festive-Delight-Assorted-Jelimals,28 August 2020
B086T4WGRY,Savlon-After-Shave-Lotion-1000,28 August 2020
B086T4WGRY,Savlon-After-Shave-Lotion-1000,28 August 2020
B086T4WGRY,Savlon-After-Shave-Lotion-1000,28 August 2020
B086T4WGRY,Savlon-After-Shave-Lotion-1000,28 August 2020
B07MXHP8K4,Cinthol-Lime-Soap-100g-Pack,27 August 2020
B07MXHP8K4,Cinthol-Lime-Soap-100g-Pack,27 August 2020
B06Y575GXS,Society-Minute-Tea-Masala-500g,27 August 2020
B06Y575GXS,Society-Minute-Tea-Masala-500g,27 August 2020
B07QB5YZB8,Godrej-No-1-Bathing-Soap-Turmeric,26 August 2020
B07QB5YZB8,Godrej-No-1-Bathing-Soap-Turmeric,26 August 2020
B08DLL7C2D,Godrej-ViroShield-Disinfecting-VIROSHIELD-30UV,26 August 2020
B08DLL7C2D,Godrej-ViroShield-Disinfecting-VIROSHIELD-30UV,26 August 2020
B01IBTCZNG,Amul-Cow-Ghee-500ml,26 August 2020
B01IBTCZNG,Amul-Cow-Ghee-500ml,26 August 2020
B0758LVKLL,Amul-Pure-Ghee-Pouch-1L,26 August 2020
B0758LVKLL,Amul-Pure-Ghee-Pouch-1L,26 August 2020
B086T4WGRY,Savlon-After-Shave-Lotion-1000,26 August 2020
B086T4WGRY,Savlon-After-Shave-Lotion-1000,26 August 2020
B08CHMZD9K,Tata-Tea-Gold-Leaf-Pouch,26 August 2020
B08CHMZD9K,Tata-Tea-Gold-Leaf-Pouch,26 August 2020
B07BRTLC6R,Fastrack-Analog-Silver-Dial-Watch-NK9332PP06,26 August 2020
B07BRTLC6R,Fastrack-Analog-Silver-Dial-Watch-NK9332PP06,26 August 2020
B08299TLN2,Reflex-Activity-Tracker-Monitor-SWD90066PP02,26 August 2020
B08299TLN2,Reflex-Activity-Tracker-Monitor-SWD90066PP02,26 August 2020
B07QB5ZDTD,Godrej-Direct-Cool-Refrigerator-1905-PTDI,25 August 2020
B07QB5ZDTD,Godrej-Direct-Cool-Refrigerator-1905-PTDI,25 August 2020
B01CGESSG0,Cinthol-Lime-Soap-100-Pack,25 August 2020
B01CGESSG0,Cinthol-Lime-Soap-100-Pack,25 August 2020
B00RV366NE,Streax-Professional-Hold-Funkey-Colour,25 August 2020
B00RV366NE,Streax-Professional-Hold-Funkey-Colour,25 August 2020
B015XSO0L8,Mysore-Sandal-Millennium-Soap-150g,25 August 2020
B015XSO0L8,Mysore-Sandal-Millennium-Soap-150g,25 August 2020
B07QB5ZDTD,Godrej-Direct-Cool-Refrigerator-1905-PTDI,24 August 2020
B07QB5ZDTD,Godrej-Direct-Cool-Refrigerator-1905-PTDI,24 August 2020
B0758LVKLL,Amul-Pure-Ghee-Pouch-1L,24 August 2020
B0758LVKLL,Amul-Pure-Ghee-Pouch-1L,24 August 2020
B01CJUK8PU,Dettol-Disinfectant-Cleaner-Home-Fresh,24 August 2020
B01CJUK8PU,Dettol-Disinfectant-Cleaner-Home-Fresh,24 August 2020
B07QK29V9G,Dettol-Disinfectant-Cleaner-Home-Fresh,24 August 2020
B07QK29V9G,Dettol-Disinfectant-Cleaner-Home-Fresh,24 August 2020
B07V6DQNP5,Cinthol-Lime-Soap-100-Pack,24 August 2020
B07V6DQNP5,Cinthol-Lime-Soap-100-Pack,24 August 2020
B08DLL7C2D,Godrej-ViroShield-Disinfecting-VIROSHIELD-30UV,23 August 2020
B08DLL7C2D,Godrej-ViroShield-Disinfecting-VIROSHIELD-30UV,23 August 2020
B08DLL7C2D,Godrej-ViroShield-Disinfecting-VIROSHIELD-30UV,23 August 2020
B08DLL7C2D,Godrej-ViroShield-Disinfecting-VIROSHIELD-30UV,23 August 2020
B075P2RKDG,Dettol-Detergent-Liquid-Laundry-Sanitizer-Spring-Blossom,23 August 2020
B075P2RKDG,Dettol-Detergent-Liquid-Laundry-Sanitizer-Spring-Blossom,23 August 2020
B083X1NMTM,Society-Tea-Daily-Masala-Premix,23 August 2020
B083X1NMTM,Society-Tea-Daily-Masala-Premix,23 August 2020
B015PL0HG0,Dettol-Multi-Purpose-Disinfectant-Surfaces-Original,21 August 2020
B015PL0HG0,Dettol-Multi-Purpose-Disinfectant-Surfaces-Original,21 August 2020
B00RV35ABS,Streax-Professional-Hold-Funkey-Colour,21 August 2020
B00RV35ABS,Streax-Professional-Hold-Funkey-Colour,21 August 2020
B07MVHJ6CH,Mysore-Sandal-Soaps-Pack-Bars,21 August 2020
B07MVHJ6CH,Mysore-Sandal-Soaps-Pack-Bars,21 August 2020
B08DLL7C2D,Godrej-ViroShield-Disinfecting-VIROSHIELD-30UV,20 August 2020
B08DLL7C2D,Godrej-ViroShield-Disinfecting-VIROSHIELD-30UV,20 August 2020
B085PYYDD6,Coca-Cola-300ml-Pack-6,18 August 2020
B085PYYDD6,Coca-Cola-300ml-Pack-6,18 August 2020
B07FK39JPQ,Mysore-Whitening-Rejuvenating-Face-Pack,18 August 2020
B07FK39JPQ,Mysore-Whitening-Rejuvenating-Face-Pack,18 August 2020
B08DLL7C2D,Godrej-ViroShield-Disinfecting-VIROSHIELD-30UV,17 August 2020
B08DLL7C2D,Godrej-ViroShield-Disinfecting-VIROSHIELD-30UV,17 August 2020
B07DCXBQPV,Paper-Boat-Mixed-Fruit,17 August 2020
B07DCXBQPV,Paper-Boat-Mixed-Fruit,17 August 2020
B01CGESSG0,Cinthol-Lime-Soap-100-Pack,16 August 2020
B01CGESSG0,Cinthol-Lime-Soap-100-Pack,16 August 2020
B07MZCKBNZ,Cinthol-Confidence-Soap-100g-Pack,16 August 2020
B07MZCKBNZ,Cinthol-Confidence-Soap-100g-Pack,16 August 2020
B00RV366NE,Streax-Professional-Hold-Funkey-Colour,16 August 2020
B00RV366NE,Streax-Professional-Hold-Funkey-Colour,16 August 2020
B071VPLC99,Patanjali-Shatavar-Mushli-Ashwagandha-Churna,15 August 2020
B071VPLC99,Patanjali-Shatavar-Mushli-Ashwagandha-Churna,15 August 2020
B07V6DQNP5,Cinthol-Lime-Soap-100-Pack,15 August 2020
B07V6DQNP5,Cinthol-Lime-Soap-100-Pack,15 August 2020
B08299TLN2,Reflex-Activity-Tracker-Monitor-SWD90066PP02,15 August 2020
B08299TLN2,Reflex-Activity-Tracker-Monitor-SWD90066PP02,15 August 2020
B07J2MQNW3,Mysore-Sandal-Bathing-Soap-125g,15 August 2020
B07J2MQNW3,Mysore-Sandal-Bathing-Soap-125g,15 August 2020
B07Y3L2QD3,Natural-Mango-Juice-1L-Pack,14 August 2020
B07Y3L2QD3,Natural-Mango-Juice-1L-Pack,14 August 2020
B08299TLN2,Reflex-Activity-Tracker-Monitor-SWD90066PP02,14 August 2020
B08299TLN2,Reflex-Activity-Tracker-Monitor-SWD90066PP02,14 August 2020
B07QB5ZDTD,Godrej-Direct-Cool-Refrigerator-1905-PTDI,13 August 2020
B07QB5ZDTD,Godrej-Direct-Cool-Refrigerator-1905-PTDI,13 August 2020
B073S7M65M,Amul-Gold-Milk-Homogenised-Standardised,13 August 2020
B073S7M65M,Amul-Gold-Milk-Homogenised-Standardised,13 August 2020
B01DKPA876,PATANJALI-Aloe-Pimples-Moisturizing-150ml,13 August 2020
B01DKPA876,PATANJALI-Aloe-Pimples-Moisturizing-150ml,13 August 2020
B083F5KJS6,Dettol-Original-Protection-Bathing-125gm,13 August 2020
B083F5KJS6,Dettol-Original-Protection-Bathing-125gm,13 August 2020
B075P2RKDG,Dettol-Detergent-Liquid-Laundry-Sanitizer-Spring-Blossom,13 August 2020
B075P2RKDG,Dettol-Detergent-Liquid-Laundry-Sanitizer-Spring-Blossom,13 August 2020
B00RV35ABS,Streax-Professional-Hold-Funkey-Colour,13 August 2020
B00RV35ABS,Streax-Professional-Hold-Funkey-Colour,13 August 2020
B01GCETOCW,Tata-Tea-Gold-500g,13 August 2020
B01GCETOCW,Tata-Tea-Gold-500g,13 August 2020
B07Y3L2QD3,Natural-Mango-Juice-1L-Pack,12 August 2020
B07Y3L2QD3,Natural-Mango-Juice-1L-Pack,12 August 2020
B086T4WGRY,Savlon-After-Shave-Lotion-1000,12 August 2020
B086T4WGRY,Savlon-After-Shave-Lotion-1000,12 August 2020
B01MQNBOLA,Cinthol-Cool-Soap-100g-Free,12 August 2020
B01MQNBOLA,Cinthol-Cool-Soap-100g-Free,12 August 2020
B01MQNBOLA,Cinthol-Cool-Soap-100g-Free,12 August 2020
B01MQNBOLA,Cinthol-Cool-Soap-100g-Free,12 August 2020
B08CHMZD9K,Tata-Tea-Gold-Leaf-Pouch,12 August 2020
B08CHMZD9K,Tata-Tea-Gold-Leaf-Pouch,12 August 2020
B015PL0HG0,Dettol-Multi-Purpose-Disinfectant-Surfaces-Original,11 August 2020
B015PL0HG0,Dettol-Multi-Purpose-Disinfectant-Surfaces-Original,11 August 2020
B01MQNBOLA,Cinthol-Cool-Soap-100g-Free,11 August 2020
B01MQNBOLA,Cinthol-Cool-Soap-100g-Free,11 August 2020
B08299R26L,Reflex-Activity-Tracker-Monitor-SWD90066PP01,11 August 2020
B08299R26L,Reflex-Activity-Tracker-Monitor-SWD90066PP01,11 August 2020
B01N3KEVVR,Mysore-Sandal-Agarbathies-Pack-Box,11 August 2020
B01N3KEVVR,Mysore-Sandal-Agarbathies-Pack-Box,11 August 2020
B07H3V7LNR,Amul-Pro-500g-Pouch-Pack,10 August 2020
B07H3V7LNR,Amul-Pro-500g-Pouch-Pack,10 August 2020
B01DKPA876,PATANJALI-Aloe-Pimples-Moisturizing-150ml,09 August 2020
B01DKPA876,PATANJALI-Aloe-Pimples-Moisturizing-150ml,09 August 2020
B071VPLC99,Patanjali-Shatavar-Mushli-Ashwagandha-Churna,09 August 2020
B071VPLC99,Patanjali-Shatavar-Mushli-Ashwagandha-Churna,09 August 2020
B01CJUK8PU,Dettol-Disinfectant-Cleaner-Home-Fresh,09 August 2020
B01CJUK8PU,Dettol-Disinfectant-Cleaner-Home-Fresh,09 August 2020
B07QK29V9G,Dettol-Disinfectant-Cleaner-Home-Fresh,09 August 2020
B07QK29V9G,Dettol-Disinfectant-Cleaner-Home-Fresh,09 August 2020
B086T4WGRY,Savlon-After-Shave-Lotion-1000,09 August 2020
B086T4WGRY,Savlon-After-Shave-Lotion-1000,09 August 2020
B083F5KJS6,Dettol-Original-Protection-Bathing-125gm,09 August 2020
B083F5KJS6,Dettol-Original-Protection-Bathing-125gm,09 August 2020
B01CGESSG0,Cinthol-Lime-Soap-100-Pack,09 August 2020
B01CGESSG0,Cinthol-Lime-Soap-100-Pack,09 August 2020
B07MXHP8K4,Cinthol-Lime-Soap-100g-Pack,09 August 2020
B07MXHP8K4,Cinthol-Lime-Soap-100g-Pack,09 August 2020
B00S9BQP3S,Britannia-Marie-Gold-200g,09 August 2020
B00S9BQP3S,Britannia-Marie-Gold-200g,09 August 2020
B08CHMZD9K,Tata-Tea-Gold-Leaf-Pouch,09 August 2020
B08CHMZD9K,Tata-Tea-Gold-Leaf-Pouch,09 August 2020
B07H3V7LNR,Amul-Pro-500g-Pouch-Pack,07 August 2020
B07H3V7LNR,Amul-Pro-500g-Pouch-Pack,07 August 2020
B0719RVB2X,Society-Tea-Minute-Masala-500g,07 August 2020
B0719RVB2X,Society-Tea-Minute-Masala-500g,07 August 2020
B06Y575GXS,Society-Minute-Tea-Masala-500g,07 August 2020
B06Y575GXS,Society-Minute-Tea-Masala-500g,07 August 2020
B07QB5ZDTD,Godrej-Direct-Cool-Refrigerator-1905-PTDI,06 August 2020
B07QB5ZDTD,Godrej-Direct-Cool-Refrigerator-1905-PTDI,06 August 2020
B00S9BSA0E,NutriChoice-Digestives-grain-Pack-200g,06 August 2020
B00S9BSA0E,NutriChoice-Digestives-grain-Pack-200g,06 August 2020
B082VWY78W,Streax-Shampoo-Enriched-Extracts-Long-Lasting,06 August 2020
B082VWY78W,Streax-Shampoo-Enriched-Extracts-Long-Lasting,06 August 2020
B072VLGBDS,Streax-Vitalized-Hair-Serum-300,06 August 2020
B072VLGBDS,Streax-Vitalized-Hair-Serum-300,06 August 2020
B07MVQDD4G,MYSORE-SANDAL-Mysore-Sandal-Talcum,06 August 2020
B07MVQDD4G,MYSORE-SANDAL-Mysore-Sandal-Talcum,06 August 2020
B002ZVK88G,MYSORE-SANDAL-Mysore-Sandal-Talcum,06 August 2020
B002ZVK88G,MYSORE-SANDAL-Mysore-Sandal-Talcum,06 August 2020
B01CJUK8PU,Dettol-Disinfectant-Cleaner-Home-Fresh,05 August 2020
B01CJUK8PU,Dettol-Disinfectant-Cleaner-Home-Fresh,05 August 2020
B07QK29V9G,Dettol-Disinfectant-Cleaner-Home-Fresh,05 August 2020
B07QK29V9G,Dettol-Disinfectant-Cleaner-Home-Fresh,05 August 2020
B07MVMRP7C,Mysore-Sandal-Gold-Soap-Pack,05 August 2020
B07MVMRP7C,Mysore-Sandal-Gold-Soap-Pack,05 August 2020
B07QB5YZB8,Godrej-No-1-Bathing-Soap-Turmeric,04 August 2020
B07QB5YZB8,Godrej-No-1-Bathing-Soap-Turmeric,04 August 2020
B086T4WGRY,Savlon-After-Shave-Lotion-1000,04 August 2020
B086T4WGRY,Savlon-After-Shave-Lotion-1000,04 August 2020
B07MXHP8K4,Cinthol-Lime-Soap-100g-Pack,04 August 2020
B07MXHP8K4,Cinthol-Lime-Soap-100g-Pack,04 August 2020
B08CHMZD9K,Tata-Tea-Gold-Leaf-Pouch,04 August 2020
B08CHMZD9K,Tata-Tea-Gold-Leaf-Pouch,04 August 2020
B015PL0HG0,Dettol-Multi-Purpose-Disinfectant-Surfaces-Original,03 August 2020
B015PL0HG0,Dettol-Multi-Purpose-Disinfectant-Surfaces-Original,03 August 2020
B075P2RKDG,Dettol-Detergent-Liquid-Laundry-Sanitizer-Spring-Blossom,03 August 2020
B075P2RKDG,Dettol-Detergent-Liquid-Laundry-Sanitizer-Spring-Blossom,03 August 2020
B01MQNBOLA,Cinthol-Cool-Soap-100g-Free,03 August 2020
B01MQNBOLA,Cinthol-Cool-Soap-100g-Free,03 August 2020
B0119NE5IE,Tata-Premium-Leaf-South-500g,03 August 2020
B0119NE5IE,Tata-Premium-Leaf-South-500g,03 August 2020
B07MXHP8K4,Cinthol-Lime-Soap-100g-Pack,02 August 2020
B07MXHP8K4,Cinthol-Lime-Soap-100g-Pack,02 August 2020
B01MQNBOLA,Cinthol-Cool-Soap-100g-Free,02 August 2020
B01MQNBOLA,Cinthol-Cool-Soap-100g-Free,02 August 2020
B01GCESDT2,Society-Tea-Regular-250g-Pouch,02 August 2020
B01GCESDT2,Society-Tea-Regular-250g-Pouch,02 August 2020
B01DKPA876,PATANJALI-Aloe-Pimples-Moisturizing-150ml,01 August 2020
B01DKPA876,PATANJALI-Aloe-Pimples-Moisturizing-150ml,01 August 2020
B086T4WGRY,Savlon-After-Shave-Lotion-1000,01 August 2020
B086T4WGRY,Savlon-After-Shave-Lotion-1000,01 August 2020
B01CLFHBAS,Titan-Analog-Black-Dial-Watch-1805NM01,31 July 2020
B01CLFHBAS,Titan-Analog-Black-Dial-Watch-1805NM01,31 July 2020
B00RLHKJCO,Indiana-Frutti-Cherries-Frooti-Multicolor,31 July 2020
B00RLHKJCO,Indiana-Frutti-Cherries-Frooti-Multicolor,31 July 2020
B01CLFHBAS,Titan-Analog-Black-Dial-Watch-1805NM01,30 July 2020
B01CLFHBAS,Titan-Analog-Black-Dial-Watch-1805NM01,30 July 2020
B01CGESSG0,Cinthol-Lime-Soap-100-Pack,30 July 2020
B01CGESSG0,Cinthol-Lime-Soap-100-Pack,30 July 2020
B01CGESSG0,Cinthol-Lime-Soap-100-Pack,30 July 2020
B01CGESSG0,Cinthol-Lime-Soap-100-Pack,30 July 2020
B08216SF8Q,Streax-Soft-Hair-Colour-Natural-Black-170,30 July 2020
B08216SF8Q,Streax-Soft-Hair-Colour-Natural-Black-170,30 July 2020
B015PL0HG0,Dettol-Multi-Purpose-Disinfectant-Surfaces-Original,29 July 2020
B015PL0HG0,Dettol-Multi-Purpose-Disinfectant-Surfaces-Original,29 July 2020
B086T4WGRY,Savlon-After-Shave-Lotion-1000,29 July 2020
B086T4WGRY,Savlon-After-Shave-Lotion-1000,29 July 2020
B06Y575GXS,Society-Minute-Tea-Masala-500g,29 July 2020
B06Y575GXS,Society-Minute-Tea-Masala-500g,29 July 2020
B015XSO0L8,Mysore-Sandal-Millennium-Soap-150g,29 July 2020
B015XSO0L8,Mysore-Sandal-Millennium-Soap-150g,29 July 2020
B01H70XQQ0,Patanjali-Cows-Ghee-500ml,28 July 2020
B01H70XQQ0,Patanjali-Cows-Ghee-500ml,28 July 2020
B07V6DQNP5,Cinthol-Lime-Soap-100-Pack,28 July 2020
B07V6DQNP5,Cinthol-Lime-Soap-100-Pack,28 July 2020
B08211QQZT,Streax-Shampoo-Colour-Natural-Black-25-ml-Pack,27 July 2020
B08211QQZT,Streax-Shampoo-Colour-Natural-Black-25-ml-Pack,27 July 2020
B00ULPQTXQ,Titan-Analog-Gold-Dial-Watch-NK1650YM04,26 July 2020
B00ULPQTXQ,Titan-Analog-Gold-Dial-Watch-NK1650YM04,26 July 2020
B015PL0HG0,Dettol-Multi-Purpose-Disinfectant-Surfaces-Original,26 July 2020
B015PL0HG0,Dettol-Multi-Purpose-Disinfectant-Surfaces-Original,26 July 2020
B01GCESDT2,Society-Tea-Regular-250g-Pouch,26 July 2020
B01GCESDT2,Society-Tea-Regular-250g-Pouch,26 July 2020
B08CHMZD9K,Tata-Tea-Gold-Leaf-Pouch,26 July 2020
B08CHMZD9K,Tata-Tea-Gold-Leaf-Pouch,26 July 2020
B08CHMZD9K,Tata-Tea-Gold-Leaf-Pouch,26 July 2020
B08CHMZD9K,Tata-Tea-Gold-Leaf-Pouch,26 July 2020
B085PYYDD6,Coca-Cola-300ml-Pack-6,25 July 2020
B085PYYDD6,Coca-Cola-300ml-Pack-6,25 July 2020
B015PL0HG0,Dettol-Multi-Purpose-Disinfectant-Surfaces-Original,25 July 2020
B015PL0HG0,Dettol-Multi-Purpose-Disinfectant-Surfaces-Original,25 July 2020
B07QB5ZDTD,Godrej-Direct-Cool-Refrigerator-1905-PTDI,24 July 2020
B07QB5ZDTD,Godrej-Direct-Cool-Refrigerator-1905-PTDI,24 July 2020
B078KHP29L,Dettol-Disinfectant-Liquid-Menthol-Cool,24 July 2020
B078KHP29L,Dettol-Disinfectant-Liquid-Menthol-Cool,24 July 2020
B00RGE4OUA,Britannia-Nice-Time-150g,24 July 2020
B00RGE4OUA,Britannia-Nice-Time-150g,24 July 2020
B08299TLN2,Reflex-Activity-Tracker-Monitor-SWD90066PP02,24 July 2020
B08299TLN2,Reflex-Activity-Tracker-Monitor-SWD90066PP02,24 July 2020
B08299TLN2,Reflex-Activity-Tracker-Monitor-SWD90066PP02,24 July 2020
B08299TLN2,Reflex-Activity-Tracker-Monitor-SWD90066PP02,24 July 2020
B07MVMRP7C,Mysore-Sandal-Gold-Soap-Pack,24 July 2020
B07MVMRP7C,Mysore-Sandal-Gold-Soap-Pack,24 July 2020
B08211QQZT,Streax-Shampoo-Colour-Natural-Black-25-ml-Pack,23 July 2020
B08211QQZT,Streax-Shampoo-Colour-Natural-Black-25-ml-Pack,23 July 2020
B01DKPA876,PATANJALI-Aloe-Pimples-Moisturizing-150ml,22 July 2020
B01DKPA876,PATANJALI-Aloe-Pimples-Moisturizing-150ml,22 July 2020
B01CJUK8PU,Dettol-Disinfectant-Cleaner-Home-Fresh,22 July 2020
B01CJUK8PU,Dettol-Disinfectant-Cleaner-Home-Fresh,22 July 2020
B07QK29V9G,Dettol-Disinfectant-Cleaner-Home-Fresh,22 July 2020
B07QK29V9G,Dettol-Disinfectant-Cleaner-Home-Fresh,22 July 2020
B075P2RKDG,Dettol-Detergent-Liquid-Laundry-Sanitizer-Spring-Blossom,22 July 2020
B075P2RKDG,Dettol-Detergent-Liquid-Laundry-Sanitizer-Spring-Blossom,22 July 2020
B08CHMZD9K,Tata-Tea-Gold-Leaf-Pouch,22 July 2020
B08CHMZD9K,Tata-Tea-Gold-Leaf-Pouch,22 July 2020
B07H3V7LNR,Amul-Pro-500g-Pouch-Pack,21 July 2020
B07H3V7LNR,Amul-Pro-500g-Pouch-Pack,21 July 2020
B07MJ62P6D,Patanjali-UHT-Milk-1000-ml,21 July 2020
B07MJ62P6D,Patanjali-UHT-Milk-1000-ml,21 July 2020
B07V6DQNP5,Cinthol-Lime-Soap-100-Pack,21 July 2020
B07V6DQNP5,Cinthol-Lime-Soap-100-Pack,21 July 2020
B07DCXBQPV,Paper-Boat-Mixed-Fruit,20 July 2020
B07DCXBQPV,Paper-Boat-Mixed-Fruit,20 July 2020
B0758LVKLL,Amul-Pure-Ghee-Pouch-1L,20 July 2020
B0758LVKLL,Amul-Pure-Ghee-Pouch-1L,20 July 2020
B0758LVKLL,Amul-Pure-Ghee-Pouch-1L,20 July 2020
B0758LVKLL,Amul-Pure-Ghee-Pouch-1L,20 July 2020
B00RLHKJCO,Indiana-Frutti-Cherries-Frooti-Multicolor,19 July 2020
B00RLHKJCO,Indiana-Frutti-Cherries-Frooti-Multicolor,19 July 2020
B082KY37BL,Amul-Fresh-Paneer-200g,19 July 2020
B082KY37BL,Amul-Fresh-Paneer-200g,19 July 2020
B01CJUK8PU,Dettol-Disinfectant-Cleaner-Home-Fresh,19 July 2020
B01CJUK8PU,Dettol-Disinfectant-Cleaner-Home-Fresh,19 July 2020
B07QK29V9G,Dettol-Disinfectant-Cleaner-Home-Fresh,19 July 2020
B07QK29V9G,Dettol-Disinfectant-Cleaner-Home-Fresh,19 July 2020
B01CGESSG0,Cinthol-Lime-Soap-100-Pack,19 July 2020
B01CGESSG0,Cinthol-Lime-Soap-100-Pack,19 July 2020
B083X1NMTM,Society-Tea-Daily-Masala-Premix,19 July 2020
B083X1NMTM,Society-Tea-Daily-Masala-Premix,19 July 2020
B01CLFHBAS,Titan-Analog-Black-Dial-Watch-1805NM01,18 July 2020
B01CLFHBAS,Titan-Analog-Black-Dial-Watch-1805NM01,18 July 2020
B07Y3L2QD3,Natural-Mango-Juice-1L-Pack,18 July 2020
B07Y3L2QD3,Natural-Mango-Juice-1L-Pack,18 July 2020
B071VPLC99,Patanjali-Shatavar-Mushli-Ashwagandha-Churna,18 July 2020
B071VPLC99,Patanjali-Shatavar-Mushli-Ashwagandha-Churna,18 July 2020
B079H8WT7F,Britannia-NutriChoice-Digestive-100g,18 July 2020
B079H8WT7F,Britannia-NutriChoice-Digestive-100g,18 July 2020
B07THHHWH9,Godrej-Protekt-Master-Blaster-Handwash,17 July 2020
B07THHHWH9,Godrej-Protekt-Master-Blaster-Handwash,17 July 2020
B07DCXBQPV,Paper-Boat-Mixed-Fruit,17 July 2020
B07DCXBQPV,Paper-Boat-Mixed-Fruit,17 July 2020
B071VPLC99,Patanjali-Shatavar-Mushli-Ashwagandha-Churna,17 July 2020
B071VPLC99,Patanjali-Shatavar-Mushli-Ashwagandha-Churna,17 July 2020
B00WMNXH7Q,Society-Tea-Regular-Pouch-1kg,17 July 2020
B00WMNXH7Q,Society-Tea-Regular-Pouch-1kg,17 July 2020
B00RLHKJCO,Indiana-Frutti-Cherries-Frooti-Multicolor,16 July 2020
B00RLHKJCO,Indiana-Frutti-Cherries-Frooti-Multicolor,16 July 2020
B082KY37BL,Amul-Fresh-Paneer-200g,16 July 2020
B082KY37BL,Amul-Fresh-Paneer-200g,16 July 2020
B00RV35ABS,Streax-Professional-Hold-Funkey-Colour,16 July 2020
B00RV35ABS,Streax-Professional-Hold-Funkey-Colour,16 July 2020
B00WMNXP82,Society-Tea-Masala-Jar-250g,16 July 2020
B00WMNXP82,Society-Tea-Masala-Jar-250g,16 July 2020
B00N8QUNQY,Society-Tea-Masala-Jar-250g,16 July 2020
B00N8QUNQY,Society-Tea-Masala-Jar-250g,16 July 2020
B00AI87X0O,Tata-Tea-Premium-North-1kg,16 July 2020
B00AI87X0O,Tata-Tea-Premium-North-1kg,16 July 2020
B01CHVPR16,Tata-Tea-Premium-North-1kg,16 July 2020
B01CHVPR16,Tata-Tea-Premium-North-1kg,16 July 2020
B071WRP912,Patanjali-Saundarya-Aloe-Vera-150ml,15 July 2020
B071WRP912,Patanjali-Saundarya-Aloe-Vera-150ml,15 July 2020
B07MKNRBFS,Patanjali-Saundarya-Aloe-Vera-150ml,15 July 2020
B07MKNRBFS,Patanjali-Saundarya-Aloe-Vera-150ml,15 July 2020
B07H3V7LNR,Amul-Pro-500g-Pouch-Pack,13 July 2020
B07H3V7LNR,Amul-Pro-500g-Pouch-Pack,13 July 2020
B08CHMZD9K,Tata-Tea-Gold-Leaf-Pouch,13 July 2020
B08CHMZD9K,Tata-Tea-Gold-Leaf-Pouch,13 July 2020
B08299TLN2,Reflex-Activity-Tracker-Monitor-SWD90066PP02,12 July 2020
B08299TLN2,Reflex-Activity-Tracker-Monitor-SWD90066PP02,12 July 2020
B07THHHWH9,Godrej-Protekt-Master-Blaster-Handwash,11 July 2020
B07THHHWH9,Godrej-Protekt-Master-Blaster-Handwash,11 July 2020
B07DCXBQPV,Paper-Boat-Mixed-Fruit,11 July 2020
B07DCXBQPV,Paper-Boat-Mixed-Fruit,11 July 2020
B07VB4H78J,Cinthol-Original-Soap-100g-Pack,11 July 2020
B07VB4H78J,Cinthol-Original-Soap-100g-Pack,11 July 2020
B011HZ9NQS,Cinthol-Original-Soap-100g-Pack,11 July 2020
B011HZ9NQS,Cinthol-Original-Soap-100g-Pack,11 July 2020
B079H8WT7F,Britannia-NutriChoice-Digestive-100g,11 July 2020
B079H8WT7F,Britannia-NutriChoice-Digestive-100g,11 July 2020
B08299TLN2,Reflex-Activity-Tracker-Monitor-SWD90066PP02,11 July 2020
B08299TLN2,Reflex-Activity-Tracker-Monitor-SWD90066PP02,11 July 2020
B07H3V7LNR,Amul-Pro-500g-Pouch-Pack,10 July 2020
B07H3V7LNR,Amul-Pro-500g-Pouch-Pack,10 July 2020
B07MJ62P6D,Patanjali-UHT-Milk-1000-ml,10 July 2020
B07MJ62P6D,Patanjali-UHT-Milk-1000-ml,10 July 2020
B00RV35ABS,Streax-Professional-Hold-Funkey-Colour,10 July 2020
B00RV35ABS,Streax-Professional-Hold-Funkey-Colour,10 July 2020
B078KT9RB1,Amul-Cacao-Chocolate-125g-Pack,09 July 2020
B078KT9RB1,Amul-Cacao-Chocolate-125g-Pack,09 July 2020
B08CN7SJBX,Maaza-1-2L,08 July 2020
B08CN7SJBX,Maaza-1-2L,08 July 2020
B06Y575GXS,Society-Minute-Tea-Masala-500g,08 July 2020
B06Y575GXS,Society-Minute-Tea-Masala-500g,08 July 2020
B08CN7SJBX,Maaza-1-2L,07 July 2020
B08CN7SJBX,Maaza-1-2L,07 July 2020
B00S9BQP3S,Britannia-Marie-Gold-200g,06 July 2020
B00S9BQP3S,Britannia-Marie-Gold-200g,06 July 2020
B072VLGBDS,Streax-Vitalized-Hair-Serum-300,06 July 2020
B072VLGBDS,Streax-Vitalized-Hair-Serum-300,06 July 2020
B08299TLN2,Reflex-Activity-Tracker-Monitor-SWD90066PP02,06 July 2020
B08299TLN2,Reflex-Activity-Tracker-Monitor-SWD90066PP02,06 July 2020
B072VLGBDS,Streax-Vitalized-Hair-Serum-300,05 July 2020
B072VLGBDS,Streax-Vitalized-Hair-Serum-300,05 July 2020
B07MXHP8K4,Cinthol-Lime-Soap-100g-Pack,04 July 2020
B07MXHP8K4,Cinthol-Lime-Soap-100g-Pack,04 July 2020
B07FK39JPQ,Mysore-Whitening-Rejuvenating-Face-Pack,04 July 2020
B07FK39JPQ,Mysore-Whitening-Rejuvenating-Face-Pack,04 July 2020
B0719RVB2X,Society-Tea-Minute-Masala-500g,03 July 2020
B0719RVB2X,Society-Tea-Minute-Masala-500g,03 July 2020
B07MVHJ6CH,Mysore-Sandal-Soaps-Pack-Bars,03 July 2020
B07MVHJ6CH,Mysore-Sandal-Soaps-Pack-Bars,03 July 2020
B08CN7SJBX,Maaza-1-2L,02 July 2020
B08CN7SJBX,Maaza-1-2L,02 July 2020
B07BRTLC6R,Fastrack-Analog-Silver-Dial-Watch-NK9332PP06,01 July 2020
B07BRTLC6R,Fastrack-Analog-Silver-Dial-Watch-NK9332PP06,01 July 2020
B01CLFHBAS,Titan-Analog-Black-Dial-Watch-1805NM01,30 June 2020
B01CLFHBAS,Titan-Analog-Black-Dial-Watch-1805NM01,30 June 2020
B0719RVB2X,Society-Tea-Minute-Masala-500g,30 June 2020
B0719RVB2X,Society-Tea-Minute-Masala-500g,30 June 2020
B073S7M65M,Amul-Gold-Milk-Homogenised-Standardised,29 June 2020
B073S7M65M,Amul-Gold-Milk-Homogenised-Standardised,29 June 2020
B073S7M65M,Amul-Gold-Milk-Homogenised-Standardised,29 June 2020
B073S7M65M,Amul-Gold-Milk-Homogenised-Standardised,29 June 2020
B08GWV3SM6,Amul-Butter-Pasteurised-100g-Pack,28 June 2020
B08GWV3SM6,Amul-Butter-Pasteurised-100g-Pack,28 June 2020
B0719RVB2X,Society-Tea-Minute-Masala-500g,28 June 2020
B0719RVB2X,Society-Tea-Minute-Masala-500g,28 June 2020
B085PYYDD6,Coca-Cola-300ml-Pack-6,26 June 2020
B085PYYDD6,Coca-Cola-300ml-Pack-6,26 June 2020
B078KT9RB1,Amul-Cacao-Chocolate-125g-Pack,26 June 2020
B078KT9RB1,Amul-Cacao-Chocolate-125g-Pack,26 June 2020
B00RV366NE,Streax-Professional-Hold-Funkey-Colour,26 June 2020
B00RV366NE,Streax-Professional-Hold-Funkey-Colour,26 June 2020
B01MQNBOLA,Cinthol-Cool-Soap-100g-Free,25 June 2020
B01MQNBOLA,Cinthol-Cool-Soap-100g-Free,25 June 2020
B082KY37BL,Amul-Fresh-Paneer-200g,24 June 2020
B082KY37BL,Amul-Fresh-Paneer-200g,24 June 2020
B00S9BQP3S,Britannia-Marie-Gold-200g,24 June 2020
B00S9BQP3S,Britannia-Marie-Gold-200g,24 June 2020
B078KHP29L,Dettol-Disinfectant-Liquid-Menthol-Cool,22 June 2020
B078KHP29L,Dettol-Disinfectant-Liquid-Menthol-Cool,22 June 2020
B01GCESDT2,Society-Tea-Regular-250g-Pouch,22 June 2020
B01GCESDT2,Society-Tea-Regular-250g-Pouch,22 June 2020
B07RLLV5BW,Tata-Tea-Gold-500g,22 June 2020
B07RLLV5BW,Tata-Tea-Gold-500g,22 June 2020
B00GLDPBJK,Tata-Tea-Gold-500g,22 June 2020
B00GLDPBJK,Tata-Tea-Gold-500g,22 June 2020
B08299R26L,Reflex-Activity-Tracker-Monitor-SWD90066PP01,22 June 2020
B08299R26L,Reflex-Activity-Tracker-Monitor-SWD90066PP01,22 June 2020
B082KY37BL,Amul-Fresh-Paneer-200g,21 June 2020
B082KY37BL,Amul-Fresh-Paneer-200g,21 June 2020
B083F5KJS6,Dettol-Original-Protection-Bathing-125gm,21 June 2020
B083F5KJS6,Dettol-Original-Protection-Bathing-125gm,21 June 2020
B07V6DQNP5,Cinthol-Lime-Soap-100-Pack,21 June 2020
B07V6DQNP5,Cinthol-Lime-Soap-100-Pack,21 June 2020
B07V6DQNP5,Cinthol-Lime-Soap-100-Pack,21 June 2020
B07V6DQNP5,Cinthol-Lime-Soap-100-Pack,21 June 2020
B08GWV3SM6,Amul-Butter-Pasteurised-100g-Pack,20 June 2020
B08GWV3SM6,Amul-Butter-Pasteurised-100g-Pack,20 June 2020
B083X1NMTM,Society-Tea-Daily-Masala-Premix,20 June 2020
B083X1NMTM,Society-Tea-Daily-Masala-Premix,20 June 2020
B07J2MQNW3,Mysore-Sandal-Bathing-Soap-125g,20 June 2020
B07J2MQNW3,Mysore-Sandal-Bathing-Soap-125g,20 June 2020
B01MQNBOLA,Cinthol-Cool-Soap-100g-Free,19 June 2020
B01MQNBOLA,Cinthol-Cool-Soap-100g-Free,19 June 2020
B086VPB9WT,Dettol-Disinfectant-Multi-Use-Hygiene-Liquid,18 June 2020
B086VPB9WT,Dettol-Disinfectant-Multi-Use-Hygiene-Liquid,18 June 2020
B01MQNBOLA,Cinthol-Cool-Soap-100g-Free,18 June 2020
B01MQNBOLA,Cinthol-Cool-Soap-100g-Free,18 June 2020
B086VPB9WT,Dettol-Disinfectant-Multi-Use-Hygiene-Liquid,17 June 2020
B086VPB9WT,Dettol-Disinfectant-Multi-Use-Hygiene-Liquid,17 June 2020
B01CGESSG0,Cinthol-Lime-Soap-100-Pack,17 June 2020
B01CGESSG0,Cinthol-Lime-Soap-100-Pack,17 June 2020
B07THHHWH9,Godrej-Protekt-Master-Blaster-Handwash,16 June 2020
B07THHHWH9,Godrej-Protekt-Master-Blaster-Handwash,16 June 2020
B075P2RKDG,Dettol-Detergent-Liquid-Laundry-Sanitizer-Spring-Blossom,16 June 2020
B075P2RKDG,Dettol-Detergent-Liquid-Laundry-Sanitizer-Spring-Blossom,16 June 2020
B07H3V7LNR,Amul-Pro-500g-Pouch-Pack,15 June 2020
B07H3V7LNR,Amul-Pro-500g-Pouch-Pack,15 June 2020
B071VPLC99,Patanjali-Shatavar-Mushli-Ashwagandha-Churna,15 June 2020
B071VPLC99,Patanjali-Shatavar-Mushli-Ashwagandha-Churna,15 June 2020
B08GLVHLPW,Britannia-50-50-Biscuits-Pouch-80g,15 June 2020
B08GLVHLPW,Britannia-50-50-Biscuits-Pouch-80g,15 June 2020
B06Y575GXS,Society-Minute-Tea-Masala-500g,15 June 2020
B06Y575GXS,Society-Minute-Tea-Masala-500g,15 June 2020
B079TXZ142,Glucon-D-Glucose-Based-Beverage-Orange,14 June 2020
B079TXZ142,Glucon-D-Glucose-Based-Beverage-Orange,14 June 2020
B07QSQCF9R,Mamaearth-Moisturizing-Baby-Bathing-Oatmeal,13 June 2020
B07QSQCF9R,Mamaearth-Moisturizing-Baby-Bathing-Oatmeal,13 June 2020
B01IEO84OM,Himalaya-4003F-Baby-Lotion-400ml,13 June 2020
B01IEO84OM,Himalaya-4003F-Baby-Lotion-400ml,13 June 2020
B003OPTXW4,Himalaya-4003F-Baby-Lotion-400ml,13 June 2020
B003OPTXW4,Himalaya-4003F-Baby-Lotion-400ml,13 June 2020
B083X1P1M7,Society-Daily-Elachi-Premix-Pouch,13 June 2020
B083X1P1M7,Society-Daily-Elachi-Premix-Pouch,13 June 2020
B079TXZ142,Glucon-D-Glucose-Based-Beverage-Orange,12 June 2020
B079TXZ142,Glucon-D-Glucose-Based-Beverage-Orange,12 June 2020
B082VWY78W,Streax-Shampoo-Enriched-Extracts-Long-Lasting,12 June 2020
B082VWY78W,Streax-Shampoo-Enriched-Extracts-Long-Lasting,12 June 2020
B01GCESDT2,Society-Tea-Regular-250g-Pouch,12 June 2020
B01GCESDT2,Society-Tea-Regular-250g-Pouch,12 June 2020
B08299TLN2,Reflex-Activity-Tracker-Monitor-SWD90066PP02,12 June 2020
B08299TLN2,Reflex-Activity-Tracker-Monitor-SWD90066PP02,12 June 2020
B01N3KEVVR,Mysore-Sandal-Agarbathies-Pack-Box,12 June 2020
B01N3KEVVR,Mysore-Sandal-Agarbathies-Pack-Box,12 June 2020
B01CJUK8PU,Dettol-Disinfectant-Cleaner-Home-Fresh,11 June 2020
B01CJUK8PU,Dettol-Disinfectant-Cleaner-Home-Fresh,11 June 2020
B07QK29V9G,Dettol-Disinfectant-Cleaner-Home-Fresh,11 June 2020
B07QK29V9G,Dettol-Disinfectant-Cleaner-Home-Fresh,11 June 2020
B00RV35ABS,Streax-Professional-Hold-Funkey-Colour,11 June 2020
B00RV35ABS,Streax-Professional-Hold-Funkey-Colour,11 June 2020
B00RV366NE,Streax-Professional-Hold-Funkey-Colour,10 June 2020
B00RV366NE,Streax-Professional-Hold-Funkey-Colour,10 June 2020
B0719RVB2X,Society-Tea-Minute-Masala-500g,10 June 2020
B0719RVB2X,Society-Tea-Minute-Masala-500g,10 June 2020
B01GE1K5BW,Titan-Analog-Black-Dial-Watch-NK1730SL02,09 June 2020
B01GE1K5BW,Titan-Analog-Black-Dial-Watch-NK1730SL02,09 June 2020
B01N8UHYTB,Titan-Analog-Black-Dial-Watch-NK1730SL02,09 June 2020
B01N8UHYTB,Titan-Analog-Black-Dial-Watch-NK1730SL02,09 June 2020
B00GX9TS6O,Paper-Boat-Aamras-Juice-250ml,09 June 2020
B00GX9TS6O,Paper-Boat-Aamras-Juice-250ml,09 June 2020
B07MZCKBNZ,Cinthol-Confidence-Soap-100g-Pack,09 June 2020
B07MZCKBNZ,Cinthol-Confidence-Soap-100g-Pack,09 June 2020
B079H8WT7F,Britannia-NutriChoice-Digestive-100g,09 June 2020
B079H8WT7F,Britannia-NutriChoice-Digestive-100g,09 June 2020
B089ZDNWW8,Godrej-aer-Pocket-Bathroom-Fragrance,08 June 2020
B089ZDNWW8,Godrej-aer-Pocket-Bathroom-Fragrance,08 June 2020
B07DCXBQPV,Paper-Boat-Mixed-Fruit,06 June 2020
B07DCXBQPV,Paper-Boat-Mixed-Fruit,06 June 2020
B00S9BSA0E,NutriChoice-Digestives-grain-Pack-200g,06 June 2020
B00S9BSA0E,NutriChoice-Digestives-grain-Pack-200g,06 June 2020
B07DCXBQPV,Paper-Boat-Mixed-Fruit,05 June 2020
B07DCXBQPV,Paper-Boat-Mixed-Fruit,05 June 2020
B01CJUK8PU,Dettol-Disinfectant-Cleaner-Home-Fresh,05 June 2020
B01CJUK8PU,Dettol-Disinfectant-Cleaner-Home-Fresh,05 June 2020
B07QK29V9G,Dettol-Disinfectant-Cleaner-Home-Fresh,05 June 2020
B07QK29V9G,Dettol-Disinfectant-Cleaner-Home-Fresh,05 June 2020
B0719RVB2X,Society-Tea-Minute-Masala-500g,05 June 2020
B0719RVB2X,Society-Tea-Minute-Masala-500g,05 June 2020
B07THHHWH9,Godrej-Protekt-Master-Blaster-Handwash,04 June 2020
B07THHHWH9,Godrej-Protekt-Master-Blaster-Handwash,04 June 2020
B01DKPA876,PATANJALI-Aloe-Pimples-Moisturizing-150ml,04 June 2020
B01DKPA876,PATANJALI-Aloe-Pimples-Moisturizing-150ml,04 June 2020
B079H8WT7F,Britannia-NutriChoice-Digestive-100g,04 June 2020
B079H8WT7F,Britannia-NutriChoice-Digestive-100g,04 June 2020
B079TXZ142,Glucon-D-Glucose-Based-Beverage-Orange,02 June 2020
B079TXZ142,Glucon-D-Glucose-Based-Beverage-Orange,02 June 2020
B082KY37BL,Amul-Fresh-Paneer-200g,02 June 2020
B082KY37BL,Amul-Fresh-Paneer-200g,02 June 2020
B01CJUK8PU,Dettol-Disinfectant-Cleaner-Home-Fresh,02 June 2020
B01CJUK8PU,Dettol-Disinfectant-Cleaner-Home-Fresh,02 June 2020
B07QK29V9G,Dettol-Disinfectant-Cleaner-Home-Fresh,02 June 2020
B07QK29V9G,Dettol-Disinfectant-Cleaner-Home-Fresh,02 June 2020
B083X1P1M7,Society-Daily-Elachi-Premix-Pouch,02 June 2020
B083X1P1M7,Society-Daily-Elachi-Premix-Pouch,02 June 2020
B07THHHWH9,Godrej-Protekt-Master-Blaster-Handwash,01 June 2020
B07THHHWH9,Godrej-Protekt-Master-Blaster-Handwash,01 June 2020
B07MVMRP7C,Mysore-Sandal-Gold-Soap-Pack,01 June 2020
B07MVMRP7C,Mysore-Sandal-Gold-Soap-Pack,01 June 2020
